 ⁇  lòng viên nguồn hayắm hànhệnhơi danhổiời đẹpạchợp củảy cư khí tình khác lý bácặc vị nhỏù kiệnằm vậyằm	nan
 ⁇  lòng viên nguồn hayắm hànhệnhơi danhổiời đẹpạchợp củảy cư khí tình khác lý bácặc vị nhỏù kiệnằm vậyạnh	nan
 ⁇  lòng viên nguồn hayắm hànhệnhơi danhổiời đẹpạchợp củảy cư khí tình khác lý bácặc vị nhỏù kiệnằm vậy hơn	nan
 ⁇  lòng viên nguồn hayắm hànhệnhơi danhổiời đẹpạchợp củảy cư khí tình khác lý bácặc vị nhỏù kiệnằm vậy mà	nan
 ⁇  lòng viên nguồn hayắm hànhệnhơi danhổiời đẹpạchợp củảy cư khí tình khác lý bácặc vị nhỏù kiệnằm vậy tin	nan
 ⁇  lòng viên nguồn hayắm hànhệnhơi danhổiời đẹpạchợp củảy cư khí tình khác lý bácặc vị nhỏù kiệnằm vậyường	nan
 ⁇  lòng viên nguồn hayắm hànhệnhơi danhổiời đẹpạchợp củảy cư khí tình khác lý bácặc vị nhỏù kiệnằm vậy ai	nan
 ⁇  lòng viên nguồn hayắm hànhệnhơi danhổiời đẹpạchợp củảy cư khí tình khác lý bácặc vị nhỏù kiệnằm vậy to	nan
 ⁇  lòng viên nguồn hayắm hànhệnhơi danhổiời đẹpạchợp củảy cư khí tình khác lý bácặc vị nhỏù kiệnằm vậy nhỏ	nan
 ⁇  lòng viên nguồn hayắm hànhệnhơi danhổiời đẹpạchợp củảy cư khí tình khác lý bácặc vị nhỏù kiệnằm vậy nó	nan
 ⁇  lòng viên nguồn hayắm hànhệnhơi danhổiời đẹpạchợp củảy cư khí tình khác lý bácặc vị nhỏù kiệnằm vậy dưới	nan
 ⁇  lòng viên nguồn hayắm hànhệnhơi danhổiời đẹpạchợp củảy cư khí tình khác lý bácặc vị nhỏù kiệnằm vậyiều	nan
 ⁇  lòng viên nguồn hayắm hànhệnhơi danhổiời đẹpạchợp củảy cư khí tình khác lý bácặc vị nhỏù kiệnằm vậy chức	nan
 ⁇  lòng viên nguồn hayắm hànhệnhơi danhổiời đẹpạchợp củảy cư khí tình khác lý bácặc vị nhỏù kiệnằm vậyờ	nan
 ⁇  lòng viên nguồn hayắm hànhệnhơi danhổiời đẹpạchợp củảy cư khí tình khác lý bácặc vị nhỏù kiệnằm vậy để	nan
 ⁇  lòng viên nguồn hayắm hànhệnhơi danhổiời đẹpạchợp củảy cư khí tình khác lý bácặc vị nhỏù kiệnằm vậyòng	nan
 ⁇  lòng viên nguồn hayắm hànhệnhơi danhổiời đẹpạchợp củảy cư khí tình khác lý bácặc vị nhỏù kiệnằm vậyượt	nan
 ⁇  lòng viên nguồn hayắm hànhệnhơi danhổiời đẹpạchợp củảy cư khí tình khác lý bácặc vị nhỏù kiệnằm vậy tác	nan
 ⁇  lòng viên nguồn hayắm hànhệnhơi danhổiời đẹpạchợp củảy cư khí tình khác lý bácặc vị nhỏù kiệnằm vậy hết	nan
 ⁇  lòng viên nguồn hayắm hànhệnhơi danhổiời đẹpạchợp củảy cư khí tình khác lý bácặc vị nhỏù kiệnằm vậy giờ	nan
 ⁇  lòng viên nguồn hayắm hànhệnhơi danhổiời đẹpạchợp củảy cư khí tình khác lý bácặc vị nhỏù kiệnằm vậyỏi	nan
 ⁇  lòng viên nguồn hayắm hànhệnhơi danhổiời đẹpạchợp củảy cư khí tình khác lý bácặc vị nhỏù kiệnằm vậy kéo	nan
 ⁇  lòng viên nguồn hayắm hànhệnhơi danhổiời đẹpạchợp củảy cư khí tình khác lý bácặc vị nhỏù kiệnằm vậyệt	nan
 ⁇  lòng viên nguồn hayắm hànhệnhơi danhổiời đẹpạchợp củảy cư khí tình khác lý bácặc vị nhỏù kiệnằm vậy y	nan
 ⁇  lòng viên nguồn hayắm hànhệnhơi danhổiời đẹpạchợp củảy cư khí tình khác lý bácặc vị nhỏù kiệnằm vậyạp	nan
 ⁇  lòng viên nguồn hayắm hànhệnhơi danhổiời đẹpạchợp củảy cư khí tình khác lý bácặc vị nhỏù kiệnằm vậyững	nan
 ⁇  lòng viên nguồn hayắm hànhệnhơi danhổiời đẹpạchợp củảy cư khí tình khác lý bácặc vị nhỏù kiệnằm vậy đáng	nan
 ⁇  lòng viên nguồn hayắm hànhệnhơi danhổiời đẹpạchợp củảy cư khí tình khác lý bácặc vị nhỏù kiệnằm vậyưở	nan
 ⁇  lòng viên nguồn hayắm hànhệnhơi danhổiời đẹpạchợp củảy cư khí tình khác lý bácặc vị nhỏù kiệnằm vậyậu	nan
 ⁇  lòng viên nguồn hayắm hànhệnhơi danhổiời đẹpạchợp củảy cư khí tình khác lý bácặc vị nhỏù kiệnằm vậy nghiệ	nan
 ⁇  lòng viên nguồn hayắm hànhệnhơi danhổiời đẹpạchợp củảy cư khí tình khác lý bácặc vị nhỏù kiệnằm vậy gì	nan
 ⁇  lòng viên nguồn hayắm hànhệnhơi danhổiời đẹpạchợp củảy cư khí tình khác lý bácặc vị nhỏù kiệnằm vậyy	nan
 ⁇  lòng viên nguồn hayắm hànhệnhơi danhổiời đẹpạchợp củảy cư khí tình khác lý bácặc vị nhỏù kiệnằm vậy bằng	nan
 ⁇  lòng viên nguồn hayắm hànhệnhơi danhổiời đẹpạchợp củảy cư khí tình khác lý bácặc vị nhỏù kiệnằm vậy biến	nan
 ⁇  lòng viên nguồn hayắm hànhệnhơi danhổiời đẹpạchợp củảy cư khí tình khác lý bácặc vị nhỏù kiệnằm vậyán	nan
 ⁇  lòng viên nguồn hayắm hànhệnhơi danhổiời đẹpạchợp củảy cư khí tình khác lý bácặc vị nhỏù kiệnằm vậyấy	nan
 ⁇  lòng viên nguồn hayắm hànhệnhơi danhổiời đẹpạchợp củảy cư khí tình khác lý bácặc vị nhỏù kiệnằm vậyiệ	nan
 ⁇  lòng viên nguồn hayắm hànhệnhơi danhổiời đẹpạchợp củảy cư khí tình khác lý bácặc vị nhỏù kiệnằm vậy mình	nan
 ⁇  lòng viên nguồn hayắm hànhệnhơi danhổiời đẹpạchợp củảy cư khí tình khác lý bácặc vị nhỏù kiệnằm vậy tập	nan
 ⁇  lòng viên nguồn hayắm hànhệnhơi danhổiời đẹpạchợp củảy cư khí tình khác lý bácặc vị nhỏù kiệnằm vậy vậy	-3.4028234663852886e+38
 ⁇  lòng viên nguồn hayắm hànhệnhơi danhổiời đẹpạchợp củảy cư khí tình khác lý bácặc vị nhỏù kiệnằm vậy vì	nan
 ⁇  lòng viên nguồn hayắm hànhệnhơi danhổiời đẹpạchợp củảy cư khí tình khác lý bácặc vị nhỏù kiệnằm vậy hành	nan
 ⁇  lòng viên nguồn hayắm hànhệnhơi danhổiời đẹpạchợp củảy cư khí tình khác lý bácặc vị nhỏù kiệnằm vậyá	nan
 ⁇  lòng viên nguồn hayắm hànhệnhơi danhổiời đẹpạchợp củảy cư khí tình khác lý bácặc vị nhỏù kiệnằm vậyược	nan
 ⁇  lòng viên nguồn hayắm hànhệnhơi danhổiời đẹpạchợp củảy cư khí tình khác lý bácặc vị nhỏù kiệnằm vậy giấy	nan
 ⁇  lòng viên nguồn hayắm hànhệnhơi danhổiời đẹpạchợp củảy cư khí tình khác lý bácặc vị nhỏù kiệnằm vậyùng	nan
 ⁇  lòng viên nguồn hayắm hànhệnhơi danhổiời đẹpạchợp củảy cư khí tình khác lý bácặc vị nhỏù kiệnằm vậy nặng	nan
 ⁇  lòng viên nguồn hayắm hànhệnhơi danhổiời đẹpạchợp củảy cư khí tình khác lý bácặc vị nhỏù kiệnằm vậy bước	nan
 ⁇  lòng viên nguồn hayắm hànhệnhơi danhổiời đẹpạchợp củảy cư khí tình khác lý bácặc vị nhỏù kiệnằm vậy qu	nan
 ⁇  lòng viên nguồn hayắm hànhệnhơi danhổiời đẹpạchợp củảy cư khí tình khác lý bácặc vị nhỏù kiệnằm vậy giữ	nan
 ⁇  lòng viên nguồn hayắm hànhệnhơi danhổiời đẹpạchợp củảy cư khí tình khác lý bácặc vị nhỏù kiệnằm vậy khó	nan
 ⁇  lòng viên nguồn hayắm hànhệnhơi danhổiời đẹpạchợp củảy cư khí tình khác lý bácặc vị nhỏù kiệnằm vậy thông	nan
 ⁇  lòng viên nguồn hayắm hànhệnhơi danhổiời đẹpạchợp củảy cư khí tình khác lý bácặc vị nhỏù kiệnằm vậyĩnh	nan
 ⁇  lòng viên nguồn hayắm hànhệnhơi danhổiời đẹpạchợp củảy cư khí tình khác lý bácặc vị nhỏù kiệnằm vậy trọng	nan
 ⁇  lòng viên nguồn hayắm hànhệnhơi danhổiời đẹpạchợp củảy cư khí tình khác lý bácặc vị nhỏù kiệnằm vậy đang	nan
 ⁇  lòng viên nguồn hayắm hànhệnhơi danhổiời đẹpạchợp củảy cư khí tình khác lý bácặc vị nhỏù kiệnằm vậy vô	nan
 ⁇  lòng viên nguồn hayắm hànhệnhơi danhổiời đẹpạchợp củảy cư khí tình khác lý bácặc vị nhỏù kiệnằm vậy anh	nan
 ⁇  lòng viên nguồn hayắm hànhệnhơi danhổiời đẹpạchợp củảy cư khí tình khác lý bácặc vị nhỏù kiệnằm vậy thân	nan
 ⁇  lòng viên nguồn hayắm hànhệnhơi danhổiời đẹpạchợp củảy cư khí tình khác lý bácặc vị nhỏù kiệnằm vậy tay	nan
 ⁇  lòng viên nguồn hayắm hànhệnhơi danhổiời đẹpạchợp củảy cư khí tình khác lý bácặc vị nhỏù kiệnằm vậy ngo	nan
 ⁇  lòng viên nguồn hayắm hànhệnhơi danhổiời đẹpạchợp củảy cư khí tình khác lý bácặc vị nhỏù kiệnằm vậyiềm	nan
 ⁇  lòng viên nguồn hayắm hànhệnhơi danhổiời đẹpạchợp củảy cư khí tình khác lý bácặc vị nhỏù kiệnằm vậy ké	nan
 ⁇  lòng viên nguồn hayắm hànhệnhơi danhổiời đẹpạchợp củảy cư khí tình khác lý bácặc vị nhỏù kiệnằm vậy ý	nan
 ⁇  lòng viên nguồn hayắm hànhệnhơi danhổiời đẹpạchợp củảy cư khí tình khác lý bácặc vị nhỏù kiệnằm vậy cũng	nan
 ⁇  lòng viên nguồn hayắm hànhệnhơi danhổiời đẹpạchợp củảy cư khí tình khác lý bácặc vị nhỏù kiệnằm vậy bé	nan
 ⁇  lòng viên nguồn hayắm hànhệnhơi danhổiời đẹpạchợp củảy cư khí tình khác lý bácặc vị nhỏù kiệnằm vậyấp	nan
 ⁇  lòng viên nguồn hayắm hànhệnhơi danhổiời đẹpạchợp củảy cư khí tình khác lý bácặc vị nhỏù kiệnằm vậy kho	nan
 ⁇  lòng viên nguồn hayắm hànhệnhơi danhổiời đẹpạchợp củảy cư khí tình khác lý bácặc vị nhỏù kiệnằm vậy chuyển	nan
 ⁇  lòng viên nguồn hayắm hànhệnhơi danhổiời đẹpạchợp củảy cư khí tình khác lý bácặc vị nhỏù kiệnằm vậyà	nan
 ⁇  lòng viên nguồn hayắm hànhệnhơi danhổiời đẹpạchợp củảy cư khí tình khác lý bácặc vị nhỏù kiệnằm vậy bất	nan
 ⁇  lòng viên nguồn hayắm hànhệnhơi danhổiời đẹpạchợp củảy cư khí tình khác lý bácặc vị nhỏù kiệnằm vậyòn	nan
 ⁇  lòng viên nguồn hayắm hànhệnhơi danhổiời đẹpạchợp củảy cư khí tình khác lý bácặc vị nhỏù kiệnằm vậy cái	nan
 ⁇  lòng viên nguồn hayắm hànhệnhơi danhổiời đẹpạchợp củảy cư khí tình khác lý bácặc vị nhỏù kiệnằm vậyuyên	nan
 ⁇  lòng viên nguồn hayắm hànhệnhơi danhổiời đẹpạchợp củảy cư khí tình khác lý bácặc vị nhỏù kiệnằm vậyuốc	nan
 ⁇  lòng viên nguồn hayắm hànhệnhơi danhổiời đẹpạchợp củảy cư khí tình khác lý bácặc vị nhỏù kiệnằm vậy năng	nan
 ⁇  lòng viên nguồn hayắm hànhệnhơi danhổiời đẹpạchợp củảy cư khí tình khác lý bácặc vị nhỏù kiệnằm vậyè	nan
 ⁇  lòng viên nguồn hayắm hànhệnhơi danhổiời đẹpạchợp củảy cư khí tình khác lý bácặc vị nhỏù kiệnằm vậy ti	nan
 ⁇  lòng viên nguồn hayắm hànhệnhơi danhổiời đẹpạchợp củảy cư khí tình khác lý bácặc vị nhỏù kiệnằm vậy toàn	nan
 ⁇  lòng viên nguồn hayắm hànhệnhơi danhổiời đẹpạchợp củảy cư khí tình khác lý bácặc vị nhỏù kiệnằm vậyêm	nan
 ⁇  lòng viên nguồn hayắm hànhệnhơi danhổiời đẹpạchợp củảy cư khí tình khác lý bácặc vị nhỏù kiệnằm vậy trời	nan
 ⁇  lòng viên nguồn hayắm hànhệnhơi danhổiời đẹpạchợp củảy cư khí tình khác lý bácặc vị nhỏù kiệnằm vậyành	nan
 ⁇  lòng viên nguồn hayắm hànhệnhơi danhổiời đẹpạchợp củảy cư khí tình khác lý bácặc vị nhỏù kiệnằm vậy khoa	nan
 ⁇  lòng viên nguồn hayắm hànhệnhơi danhổiời đẹpạchợp củảy cư khí tình khác lý bácặc vị nhỏù kiệnằm vậy giải	nan
 ⁇  lòng viên nguồn hayắm hànhệnhơi danhổiời đẹpạchợp củảy cư khí tình khác lý bácặc vị nhỏù kiệnằm vậy ta	nan
 ⁇  lòng viên nguồn hayắm hànhệnhơi danhổiời đẹpạchợp củảy cư khí tình khác lý bácặc vị nhỏù kiệnằm vậy thêm	nan
 ⁇  lòng viên nguồn hayắm hànhệnhơi danhổiời đẹpạchợp củảy cư khí tình khác lý bácặc vị nhỏù kiệnằm vậyiện	nan
 ⁇  lòng viên nguồn hayắm hànhệnhơi danhổiời đẹpạchợp củảy cư khí tình khác lý bácặc vị nhỏù kiệnằm vậy chính	nan
 ⁇  lòng viên nguồn hayắm hànhệnhơi danhổiời đẹpạchợp củảy cư khí tình khác lý bácặc vị nhỏù kiệnằm vậyồn	nan
 ⁇  lòng viên nguồn hayắm hànhệnhơi danhổiời đẹpạchợp củảy cư khí tình khác lý bácặc vị nhỏù kiệnằm vậy lực	nan
 ⁇  lòng viên nguồn hayắm hànhệnhơi danhổiời đẹpạchợp củảy cư khí tình khác lý bácặc vị nhỏù kiệnằm vậy đá	nan
 ⁇  lòng viên nguồn hayắm hànhệnhơi danhổiời đẹpạchợp củảy cư khí tình khác lý bácặc vị nhỏù kiệnằm vậyạch	nan
 ⁇  lòng viên nguồn hayắm hànhệnhơi danhổiời đẹpạchợp củảy cư khí tình khác lý bácặc vị nhỏù kiệnằm vậy con	nan
 ⁇  lòng viên nguồn hayắm hànhệnhơi danhổiời đẹpạchợp củảy cư khí tình khác lý bácặc vị nhỏù kiệnằm vậyế	nan
 ⁇  lòng viên nguồn hayắm hànhệnhơi danhổiời đẹpạchợp củảy cư khí tình khác lý bácặc vị nhỏù kiệnằm vậy vọng	nan
 ⁇  lòng viên nguồn hayắm hànhệnhơi danhổiời đẹpạchợp củảy cư khí tình khác lý bácặc vị nhỏù kiệnằm vậy rằng	nan
 ⁇  lòng viên nguồn hayắm hànhệnhơi danhổiời đẹpạchợp củảy cư khí tình khác lý bácặc vị nhỏù kiệnằm vậyũ	nan
 ⁇  lòng viên nguồn hayắm hànhệnhơi danhổiời đẹpạchợp củảy cư khí tình khác lý bácặc vị nhỏù kiệnằm vậy phòng	nan
 ⁇  lòng viên nguồn hayắm hànhệnhơi danhổiời đẹpạchợp củảy cư khí tình khác lý bácặc vị nhỏù kiệnằm vậy đêm	nan
 ⁇  lòng viên nguồn hayắm hànhệnhơi danhổiời đẹpạchợp củảy cư khí tình khác lý bácặc vị nhỏù kiệnằm vậyỏ	nan
 ⁇  lòng viên nguồn hayắm hànhệnhơi danhổiời đẹpạchợp củảy cư khí tình khác lý bácặc vị nhỏù kiệnằm vậy bả	nan
 ⁇  lòng viên nguồn hayắm hànhệnhơi danhổiời đẹpạchợp củảy cư khí tình khác lý bácặc vị nhỏù kiệnằm vậy cứ	nan
 ⁇  lòng viên nguồn hayắm hànhệnhơi danhổiời đẹpạchợp củảy cư khí tình khác lý bácặc vị nhỏù kiệnằm vậy giúp	nan
 ⁇  lòng viên nguồn hayắm hànhệnhơi danhổiời đẹpạchợp củảy cư khí tình khác lý bácặc vị nhỏù kiệnằm vậy thị	nan
 ⁇  lòng viên nguồn hayắm hànhệnhơi danhổiời đẹpạchợp củảy cư khí tình khác lý bácặc vị nhỏù kiệnằm vậy vợ	nan
 ⁇  lòng viên nguồn hayắm hànhệnhơi danhổiời đẹpạchợp củảy cư khí tình khác lý bácặc vị nhỏù kiệnằm vậy sản	nan
 ⁇  lòng viên nguồn hayắm hànhệnhơi danhổiời đẹpạchợp củảy cư khí tình khác lý bácặc vị nhỏù kiệnằm vậyục	nan
 ⁇  lòng viên nguồn hayắm hànhệnhơi danhổiời đẹpạchợp củảy cư khí tình khác lý bácặc vị nhỏù kiệnằm vậy thủ	nan
 ⁇  lòng viên nguồn hayắm hànhệnhơi danhổiời đẹpạchợp củảy cư khí tình khác lý bácặc vị nhỏù kiệnằm vậyằng	nan
 ⁇  lòng viên nguồn hayắm hànhệnhơi danhổiời đẹpạchợp củảy cư khí tình khác lý bácặc vị nhỏù kiệnằm vậy phần	nan
 ⁇  lòng viên nguồn hayắm hànhệnhơi danhổiời đẹpạchợp củảy cư khí tình khác lý bácặc vị nhỏù kiệnằm vậy cuộc	nan
 ⁇  lòng viên nguồn hayắm hànhệnhơi danhổiời đẹpạchợp củảy cư khí tình khác lý bácặc vị nhỏù kiệnằm vậy khu	nan
 ⁇  lòng viên nguồn hayắm hànhệnhơi danhổiời đẹpạchợp củảy cư khí tình khác lý bácặc vị nhỏù kiệnằm vậy chợ	nan
 ⁇  lòng viên nguồn hayắm hànhệnhơi danhổiời đẹpạchợp củảy cư khí tình khác lý bácặc vị nhỏù kiệnằm vậy bệnh	nan
 ⁇  lòng viên nguồn hayắm hànhệnhơi danhổiời đẹpạchợp củảy cư khí tình khác lý bácặc vị nhỏù kiệnằm vậyới	nan
 ⁇  lòng viên nguồn hayắm hànhệnhơi danhổiời đẹpạchợp củảy cư khí tình khác lý bácặc vị nhỏù kiệnằm vậy trung	nan
 ⁇  lòng viên nguồn hayắm hànhệnhơi danhổiời đẹpạchợp củảy cư khí tình khác lý bácặc vị nhỏù kiệnằm vậy tên	nan
 ⁇  lòng viên nguồn hayắm hànhệnhơi danhổiời đẹpạchợp củảy cư khí tình khác lý bácặc vị nhỏù kiệnằm vậyướ	nan
 ⁇  lòng viên nguồn hayắm hànhệnhơi danhổiời đẹpạchợp củảy cư khí tình khác lý bácặc vị nhỏù kiệnằm vậyiền	nan
 ⁇  lòng viên nguồn hayắm hànhệnhơi danhổiời đẹpạchợp củảy cư khí tình khác lý bácặc vị nhỏù kiệnằm vậyạo	nan
 ⁇  lòng viên nguồn hayắm hànhệnhơi danhổiời đẹpạchợp củảy cư khí tình khác lý bácặc vị nhỏù kiệnằm vậy ở	nan
 ⁇  lòng viên nguồn hayắm hànhệnhơi danhổiời đẹpạchợp củảy cư khí tình khác lý bácặc vị nhỏù kiệnằm vậy sẽ	nan
 ⁇  lòng viên nguồn hayắm hànhệnhơi danhổiời đẹpạchợp củảy cư khí tình khác lý bácặc vị nhỏù kiệnằm vậyẫn	nan
 ⁇  lòng viên nguồn hayắm hànhệnhơi danhổiời đẹpạchợp củảy cư khí tình khác lý bácặc vị nhỏù kiệnằm vậyỡ	nan
 ⁇  lòng viên nguồn hayắm hànhệnhơi danhổiời đẹpạchợp củảy cư khí tình khác lý bácặc vị nhỏù kiệnằm vậyả	nan
 ⁇  lòng viên nguồn hayắm hànhệnhơi danhổiời đẹpạchợp củảy cư khí tình khác lý bácặc vị nhỏù kiệnằm vậyãi	nan
 ⁇  lòng viên nguồn hayắm hànhệnhơi danhổiời đẹpạchợp củảy cư khí tình khác lý bácặc vị nhỏù kiệnằm vậy chia	nan
 ⁇  lòng viên nguồn hayắm hànhệnhơi danhổiời đẹpạchợp củảy cư khí tình khác lý bácặc vị nhỏù kiệnằm vậy chung	nan
 ⁇  lòng viên nguồn hayắm hànhệnhơi danhổiời đẹpạchợp củảy cư khí tình khác lý bácặc vị nhỏù kiệnằm vậy đầy	nan
